threshold_min,county,zone,zone_label,population,county_total_population,pct_county_population,zone3_rural_population,zone3_urban_population,pct_zone3_population_rural,pct_zone3_population_urban,median_motorised_time_to_nearest_level4_for_zone3_population
30,Baringo,1,Zone 1: Well-served,431194.21875,747833.25,57.65913975475148,NA,NA,NA,NA,NA
30,Baringo,2,Zone 2: Motorised-dependent,241347.578125,747833.25,32.27291353052301,NA,NA,NA,NA,NA
30,Baringo,3,Zone 3: Critically underserved,75291.4375,747833.25,10.067944625355988,74768.7890625,500.1246032714844,99.30583283457696,0.6642516332238767,98.095367431640625
30,Bomet,1,Zone 1: Well-served,577743.125,998162.6875,57.880657355267054,NA,NA,NA,NA,NA
30,Bomet,2,Zone 2: Motorised-dependent,420389.1875,998162.6875,42.11629955362361,NA,NA,NA,NA,NA
30,Bomet,3,Zone 3: Critically underserved,30.337677001953125,998162.6875,0.0030393519395056656,30.337677001953125,0,100,0,58.48996353149414
30,Bungoma,1,Zone 1: Well-served,1521241.625,1897161.625,80.18513578145983,NA,NA,NA,NA,NA
30,Bungoma,2,Zone 2: Motorised-dependent,369594.90625,1897161.625,19.481466490763538,NA,NA,NA,NA,NA
30,Bungoma,3,Zone 3: Critically underserved,6325.07470703125,1897161.625,0.33339672401560677,4293.8603515625,2031.214111328125,67.8863183511373,32.113677788977455,89.35777282714844
30,Busia,1,Zone 1: Well-served,785223.875,1017364.375,77.18216740192028,NA,NA,NA,NA,NA
30,Busia,2,Zone 2: Motorised-dependent,230160.9375,1017364.375,22.623255065325047,NA,NA,NA,NA,NA
30,Busia,3,Zone 3: Critically underserved,1979.57373046875,1017364.375,0.19457863663338418,1419.2545166015625,560.31915283203125,71.69495607852366,28.305040838228912,45.74791717529297
30,Elgeyo Marakwet,1,Zone 1: Well-served,364027.5,503509.4375,72.29804903110679,NA,NA,NA,NA,NA
30,Elgeyo Marakwet,2,Zone 2: Motorised-dependent,126480.5703125,503509.4375,25.119801317030927,NA,NA,NA,NA,NA
30,Elgeyo Marakwet,3,Zone 3: Critically underserved,13001.3095703125,503509.4375,2.5821382087426117,11134.65234375,1866.6568603515625,85.64254457239547,14.357452610881069,71.8287582397461
30,Embu,1,Zone 1: Well-served,539387.3125,690965,78.06289935090778,NA,NA,NA,NA,NA
30,Embu,2,Zone 2: Motorised-dependent,151574.15625,690965,21.93658958847409,NA,NA,NA,NA,NA
30,Embu,3,Zone 3: Critically underserved,3.5586483478546143,690965,5.150258475978687e-4,3.5586483478546143,0,100,0,44.624271392822266
30,Garissa,1,Zone 1: Well-served,593958.8125,1029470.6875,57.695553619150516,NA,NA,NA,NA,NA
30,Garissa,2,Zone 2: Motorised-dependent,80898.3203125,1029470.6875,7.858244172930859,NA,NA,NA,NA,NA
30,Garissa,3,Zone 3: Critically underserved,354613.625,1029470.6875,34.44620903788482,288438.96875,66174.65625,81.33894143238291,18.66105856761708,118.44921875
30,Homa Bay,1,Zone 1: Well-served,1064194.375,1255094.875,84.78995462394825,NA,NA,NA,NA,NA
30,Homa Bay,2,Zone 2: Motorised-dependent,182590.6875,1255094.875,14.5479589740178,NA,NA,NA,NA,NA
30,Homa Bay,3,Zone 3: Critically underserved,8309.740234375,1255094.875,0.6620806442520929,5531.46484375,1800.369140625,66.56603801967147,21.66576920392038,53.38381576538086
30,Isiolo,1,Zone 1: Well-served,222681.046875,330589.59375,67.35875874042088,NA,NA,NA,NA,NA
30,Isiolo,2,Zone 2: Motorised-dependent,39149.9921875,330589.59375,11.842475663981785,NA,NA,NA,NA,NA
30,Isiolo,3,Zone 3: Critically underserved,68758.6484375,330589.59375,20.79879395402173,68758.6484375,0,100,0,145.91558837890625
30,Kajiado,1,Zone 1: Well-served,835391.625,1335775.75,62.539810668070594,NA,NA,NA,NA,NA
30,Kajiado,2,Zone 2: Motorised-dependent,399680.3125,1335775.75,29.921213384806546,NA,NA,NA,NA,NA
30,Kajiado,3,Zone 3: Critically underserved,100703.9921875,1335775.75,7.538989399043963,95197.5390625,5492.9189453125,94.53204088002035,5.454519553788171,100.60295104980469
30,Kakamega,1,Zone 1: Well-served,1794647.5,2094301.75,85.69192572178292,NA,NA,NA,NA,NA
30,Kakamega,2,Zone 2: Motorised-dependent,299653.5,2094301.75,14.30803846675867,NA,NA,NA,NA,NA
30,Kakamega,3,Zone 3: Critically underserved,0.8244158029556274,2094301.75,3.936470964394827e-5,0.8244158029556274,0,100,0,40.96419143676758
30,Kericho,1,Zone 1: Well-served,852908.4375,1014555.4375,84.06720874727952,NA,NA,NA,NA,NA
30,Kericho,2,Zone 2: Motorised-dependent,157974.9375,1014555.4375,15.570853169864362,NA,NA,NA,NA,NA
30,Kericho,3,Zone 3: Critically underserved,3672.097900390625,1014555.4375,0.36194157210759864,1851.6990966796875,1820.398681640625,50.426190883492254,49.57380579224147,55.66133499145508
30,Kiambu,1,Zone 1: Well-served,2639846.25,2832253.5,93.20656678507062,NA,NA,NA,NA,NA
30,Kiambu,2,Zone 2: Motorised-dependent,192399.78125,2832253.5,6.793169511486171,NA,NA,NA,NA,NA
30,Kiambu,3,Zone 3: Critically underserved,7.677119731903076,2832253.5,2.7106047293800066e-4,7.677119731903076,0,100,0,40.6568603515625
30,Kilifi,1,Zone 1: Well-served,1251991,1655317.375,75.63449879211231,NA,NA,NA,NA,NA
30,Kilifi,2,Zone 2: Motorised-dependent,368462.625,1655317.375,22.259334105038317,NA,NA,NA,NA,NA
30,Kilifi,3,Zone 3: Critically underserved,34863.6953125,1655317.375,2.106163799102272,32958.265625,1905.4329833984375,94.53463073715875,5.465378716510482,83.15662384033203
30,Kirinyaga,1,Zone 1: Well-served,621490.1875,689443.375,90.14376089987086,NA,NA,NA,NA,NA
30,Kirinyaga,2,Zone 2: Motorised-dependent,67933.1796875,689443.375,9.853337076086923,NA,NA,NA,NA,NA
30,Kirinyaga,3,Zone 3: Critically underserved,20.027997970581055,689443.375,0.002904951834598607,20.027997970581055,0,100,0,93.91767883300781
30,Kisii,1,Zone 1: Well-served,1334441.875,1422868.5,93.78532696450867,NA,NA,NA,NA,NA
30,Kisii,2,Zone 2: Motorised-dependent,88426.6171875,1422868.5,6.214672486424431,NA,NA,NA,NA,NA
30,Kisii,3,Zone 3: Critically underserved,0,1422868.5,0,0,0,NA,NA,NA
30,Kisumu,1,Zone 1: Well-served,1196434.125,1329351.25,90.00135404393684,NA,NA,NA,NA,NA
30,Kisumu,2,Zone 2: Motorised-dependent,132789.140625,1329351.25,9.989018374564285,NA,NA,NA,NA,NA
30,Kisumu,3,Zone 3: Critically underserved,127.98040008544922,1329351.25,0.009627282487262056,65.95429229736328,0,51.534682071104086,0,49.03592300415039
30,Kitui,1,Zone 1: Well-served,540181.75,1276809,42.30716967063985,NA,NA,NA,NA,NA
30,Kitui,2,Zone 2: Motorised-dependent,596939.3125,1276809,46.75243615137424,NA,NA,NA,NA,NA
30,Kitui,3,Zone 3: Critically underserved,139687.953125,1276809,10.940395401739806,139670.890625,17.065872192382812,99.98778527452204,0.012217139567584178,80.30131530761719
30,Kwale,1,Zone 1: Well-served,685673.6875,992389.625,69.09319386526235,NA,NA,NA,NA,NA
30,Kwale,2,Zone 2: Motorised-dependent,286850.9375,992389.625,28.905072188758524,NA,NA,NA,NA,NA
30,Kwale,3,Zone 3: Critically underserved,19863.318359375,992389.625,2.001564492310669,19850.083984375,13.233769416809082,99.9333727891757,0.06662416207291501,83.31261444091797
30,Laikipia,1,Zone 1: Well-served,337185,601167.6875,56.08834390321419,NA,NA,NA,NA,NA
30,Laikipia,2,Zone 2: Motorised-dependent,243908.4375,601167.6875,40.57244635258278,NA,NA,NA,NA,NA
30,Laikipia,3,Zone 3: Critically underserved,20074.2421875,601167.6875,3.3392084446488153,20074.2421875,0,100,0,81.202056884765625
30,Lamu,1,Zone 1: Well-served,86821.875,155913.28125,55.68600333719165,NA,NA,NA,NA,NA
30,Lamu,2,Zone 2: Motorised-dependent,54878.75,155913.28125,35.19825223356332,NA,NA,NA,NA,NA
30,Lamu,3,Zone 3: Critically underserved,14212.7109375,155913.28125,9.115779504832915,14212.7109375,0,100,0,88.76277923583984
30,Machakos,1,Zone 1: Well-served,1064426.875,1647791.25,64.59719184696485,NA,NA,NA,NA,NA
30,Machakos,2,Zone 2: Motorised-dependent,582733.125,1647791.25,35.36449929564804,NA,NA,NA,NA,NA
30,Machakos,3,Zone 3: Critically underserved,631.2529296875,1647791.25,0.03830903518194431,631.2529296875,0,100,0,41.888267517089844
30,Makueni,1,Zone 1: Well-served,610155.9375,1121516.625,54.40453791757211,NA,NA,NA,NA,NA
30,Makueni,2,Zone 2: Motorised-dependent,507947.6875,1121516.625,45.29114202832258,NA,NA,NA,NA,NA
30,Makueni,3,Zone 3: Critically underserved,3412.9501953125,1121516.625,0.3043156132716713,3144.842041015625,268.1081848144531,92.14438714443864,7.855613749731391,45.298179626464844
30,Mandera,1,Zone 1: Well-served,712126.6875,991464.25,71.82575544201417,NA,NA,NA,NA,NA
30,Mandera,2,Zone 2: Motorised-dependent,110346.5703125,991464.25,11.129657000996254,NA,NA,NA,NA,NA
30,Mandera,3,Zone 3: Critically underserved,168991.765625,991464.25,17.044665566610192,148620.390625,20371.373046875,87.94534460027776,12.054654243970651,135.90548706054688
30,Marsabit,1,Zone 1: Well-served,288170.90625,524540.5625,54.9377735206131,NA,NA,NA,NA,NA
30,Marsabit,2,Zone 2: Motorised-dependent,71730.6796875,524540.5625,13.674953819705793,NA,NA,NA,NA,NA
30,Marsabit,3,Zone 3: Critically underserved,164638.953125,524540.5625,31.38726819148519,161656.75,2840.656494140625,98.18864061730531,1.7253854207782124,295.4587097167969
30,Meru,1,Zone 1: Well-served,1442186.625,1751897.75,82.32139261552223,NA,NA,NA,NA,NA
30,Meru,2,Zone 2: Motorised-dependent,291986.0625,1751897.75,16.666843855470447,NA,NA,NA,NA,NA
30,Meru,3,Zone 3: Critically underserved,17725.033203125,1751897.75,1.0117618567136695,16907.29296875,817.7408447265625,95.38652353987789,4.613479903565942,54.65686798095703
30,Migori,1,Zone 1: Well-served,1073568.625,1287425.875,83.38877180016286,NA,NA,NA,NA,NA
30,Migori,2,Zone 2: Motorised-dependent,207984.703125,1287425.875,16.155081792573107,NA,NA,NA,NA,NA
30,Migori,3,Zone 3: Critically underserved,5872.5146484375,1287425.875,0.45614390408593425,825.55999755859375,4959.7880859375,14.058032154560065,84.45765371155186,41.583106994628906
30,Mombasa,1,Zone 1: Well-served,1366228.125,1373767,99.4512260812787,NA,NA,NA,NA,NA
30,Mombasa,2,Zone 2: Motorised-dependent,7463.06298828125,1373767,0.5432553692351942,NA,NA,NA,NA,NA
30,Mombasa,3,Zone 3: Critically underserved,75.76628112792969,1373767,0.005515220639885052,0.0076354919001460075,75.7586441040039,0.010077691271732934,99.98992028668678,Inf
30,Muranga,1,Zone 1: Well-served,1065545.5,1182163.75,90.13518643250565,NA,NA,NA,NA,NA
30,Muranga,2,Zone 2: Motorised-dependent,116602.5390625,1182163.75,9.863484569079368,NA,NA,NA,NA,NA
30,Muranga,3,Zone 3: Critically underserved,15.651735305786133,1182163.75,0.0013239904628936671,15.651735305786133,0,100,0,44.3044319152832
30,Nairobi,1,Zone 1: Well-served,5084149,5208782.5,97.60724315135063,NA,NA,NA,NA,NA
30,Nairobi,2,Zone 2: Motorised-dependent,124633.78125,5208782.5,2.3927622481837165,NA,NA,NA,NA,NA
30,Nairobi,3,Zone 3: Critically underserved,0,5208782.5,0,0,0,NA,NA,NA
30,Nandi,1,Zone 1: Well-served,806090.5,1008101.875,79.96121423740036,NA,NA,NA,NA,NA
30,Nandi,2,Zone 2: Motorised-dependent,201245.140625,1008101.875,19.962778129442523,NA,NA,NA,NA,NA
30,Nandi,3,Zone 3: Critically underserved,766.24951171875,1008101.875,0.07600913466396936,651.91412353515625,114.33541107177734,85.07856952141715,14.921433465623386,39.69937515258789
30,Narok,1,Zone 1: Well-served,509348.21875,1356210.375,37.55672631172726,NA,NA,NA,NA,NA
30,Narok,2,Zone 2: Motorised-dependent,734257.8125,1356210.375,54.14040668284963,NA,NA,NA,NA,NA
30,Narok,3,Zone 3: Critically underserved,112604.5078125,1356210.375,8.302879102550738,112274.203125,330.30609130859375,99.7066683262361,0.29333292043564807,84.974822998046875
30,Nyamira,1,Zone 1: Well-served,645219.375,660984.4375,97.6149116975239,NA,NA,NA,NA,NA
30,Nyamira,2,Zone 2: Motorised-dependent,15765.0283203125,660984.4375,2.3850831314485377,NA,NA,NA,NA,NA
30,Nyamira,3,Zone 3: Critically underserved,0,660984.4375,0,0,0,NA,NA,NA
30,Nyandarua,1,Zone 1: Well-served,473566.0625,711283.125,66.57912241345527,NA,NA,NA,NA,NA
30,Nyandarua,2,Zone 2: Motorised-dependent,237409.328125,711283.125,33.377612905550095,NA,NA,NA,NA,NA
30,Nyandarua,3,Zone 3: Critically underserved,307.7564392089844,711283.125,0.04326778302367069,307.7564392089844,0,100,0,59.787353515625
30,Nyeri,1,Zone 1: Well-served,757361.25,848049.8125,89.3062222096771,NA,NA,NA,NA,NA
30,Nyeri,2,Zone 2: Motorised-dependent,89940.890625,848049.8125,10.605614115975056,NA,NA,NA,NA,NA
30,Nyeri,3,Zone 3: Critically underserved,747.72467041015625,848049.8125,0.08816989985598944,747.72467041015625,0,100,0,66.29582977294922
30,Samburu,1,Zone 1: Well-served,172198.140625,365399.5,47.125992406940895,NA,NA,NA,NA,NA
30,Samburu,2,Zone 2: Motorised-dependent,101086.0546875,365399.5,27.664530106773544,NA,NA,NA,NA,NA
30,Samburu,3,Zone 3: Critically underserved,92115.2890625,365399.5,25.20947321014397,92098.859375,16.42949676513672,99.98216399506833,0.017835797870632903,176.69032287597656
30,Siaya,1,Zone 1: Well-served,921545.9375,1141324,80.74358705328197,NA,NA,NA,NA,NA
30,Siaya,2,Zone 2: Motorised-dependent,218538.015625,1141324,19.14776309137458,NA,NA,NA,NA,NA
30,Siaya,3,Zone 3: Critically underserved,1240.0906982421875,1141324,0.10865369502807155,1140.2705078125,0,91.95057340796271,0,50.30925369262695
30,Taita Taveta,1,Zone 1: Well-served,295645.28125,395781.40625,74.69913355738905,NA,NA,NA,NA,NA
30,Taita Taveta,2,Zone 2: Motorised-dependent,95371.078125,395781.40625,24.09690718637695,NA,NA,NA,NA,NA
30,Taita Taveta,3,Zone 3: Critically underserved,4765.0361328125,395781.40625,1.2039565420621627,4666.5595703125,98.4765625,97.93335119073116,2.0666488092688504,62.858116149902344
30,Tana River,1,Zone 1: Well-served,206409.5625,427179.0625,48.319213327549264,NA,NA,NA,NA,NA
30,Tana River,2,Zone 2: Motorised-dependent,137823.9375,427179.0625,32.26373893266363,NA,NA,NA,NA,NA
30,Tana River,3,Zone 3: Critically underserved,82945.53125,427179.0625,19.41704042435366,82945.53125,0,100,0,115.00753021240234
30,Tharaka Nithi,1,Zone 1: Well-served,319854.5,428728.6875,74.60534116929136,NA,NA,NA,NA,NA
30,Tharaka Nithi,2,Zone 2: Motorised-dependent,99489.390625,428728.6875,23.2056761130546,NA,NA,NA,NA,NA
30,Tharaka Nithi,3,Zone 3: Critically underserved,9384.7919921875,428728.6875,2.1889815787490314,9384.7919921875,0,100,0,77.89012145996094
30,Trans Nzoia,1,Zone 1: Well-served,859832.4375,1126125.375,76.3531713775653,NA,NA,NA,NA,NA
30,Trans Nzoia,2,Zone 2: Motorised-dependent,261781.765625,1126125.375,23.24623629273961,NA,NA,NA,NA,NA
30,Trans Nzoia,3,Zone 3: Critically underserved,4511.1279296875,1126125.375,0.400588427348731,3665.887939453125,845.2401123046875,81.26322278133826,18.736779924643812,84.38440704345703
30,Turkana,1,Zone 1: Well-served,480563.28125,1054859.625,45.5570836024746,NA,NA,NA,NA,NA
30,Turkana,2,Zone 2: Motorised-dependent,281107.625,1054859.625,26.64881832025754,NA,NA,NA,NA,NA
30,Turkana,3,Zone 3: Critically underserved,293188.71875,1054859.625,27.794098077267865,275042.8125,18028.5859375,93.81084431646468,6.14914039474788,201.2061767578125
30,Uasin Gishu,1,Zone 1: Well-served,1034198.75,1337287.375,77.33556521461963,NA,NA,NA,NA,NA
30,Uasin Gishu,2,Zone 2: Motorised-dependent,302978.5,1337287.375,22.656199831393756,NA,NA,NA,NA,NA
30,Uasin Gishu,3,Zone 3: Critically underserved,110.1326904296875,1337287.375,0.00823552906342868,110.1326904296875,0,100,0,61.8874397277832
30,Vihiga,1,Zone 1: Well-served,640190.1875,647632.875,98.85078602595645,NA,NA,NA,NA,NA
30,Vihiga,2,Zone 2: Motorised-dependent,7442.69189453125,647632.875,1.149214652596388,NA,NA,NA,NA,NA
30,Vihiga,3,Zone 3: Critically underserved,0,647632.875,0,0,0,NA,NA,NA
30,Wajir,1,Zone 1: Well-served,433459.75,887678.125,48.830734676490984,NA,NA,NA,NA,NA
30,Wajir,2,Zone 2: Motorised-dependent,115054.8203125,887678.125,12.961322023396713,NA,NA,NA,NA,NA
30,Wajir,3,Zone 3: Critically underserved,339163.5625,887678.125,38.20794418021735,309364.1875,29799.369140625,91.21386307528245,8.78613519712189,140.90213012695312
30,West Pokot,1,Zone 1: Well-served,292201.59375,708821.4375,41.22358301980673,NA,NA,NA,NA,NA
30,West Pokot,2,Zone 2: Motorised-dependent,247374.171875,708821.4375,34.89936375901441,NA,NA,NA,NA,NA
30,West Pokot,3,Zone 3: Critically underserved,169245.6875,708821.4375,23.877055425542203,155638.140625,13589.7724609375,91.95988561008386,8.02961225286021,121.74992370605469
30,Nakuru,1,Zone 1: Well-served,1977850.875,2512027.5,78.73523976150739,NA,NA,NA,NA,NA
30,Nakuru,2,Zone 2: Motorised-dependent,526326.875,2512027.5,20.95227361165433,NA,NA,NA,NA,NA
30,Nakuru,3,Zone 3: Critically underserved,7849.59814453125,2512027.5,0.3124805817026784,7287.849609375,561.74871826171875,92.84360135623484,7.156400976438322,55.07196044921875
60,Baringo,1,Zone 1: Well-served,636107,747833.25,85.06000502117284,NA,NA,NA,NA,NA
60,Baringo,2,Zone 2: Motorised-dependent,87025.59375,747833.25,11.6370318851161,NA,NA,NA,NA,NA
60,Baringo,3,Zone 3: Critically underserved,24700.642578125,747833.25,3.3029612655127325,24678.177734375,0,99.90905158163822,0,139.91738891601562
60,Bomet,1,Zone 1: Well-served,917581.125,998162.6875,91.92701114666741,NA,NA,NA,NA,NA
60,Bomet,2,Zone 2: Motorised-dependent,80571.2890625,998162.6875,8.071959618556669,NA,NA,NA,NA,NA
60,Bomet,3,Zone 3: Critically underserved,10.24462890625,998162.6875,0.0010263486137624233,10.24462890625,0,100,0,137.21815490722656
60,Bungoma,1,Zone 1: Well-served,1880643.75,1897161.625,99.12933749121137,NA,NA,NA,NA,NA
60,Bungoma,2,Zone 2: Motorised-dependent,12945.759765625,1897161.625,0.6823751648268239,NA,NA,NA,NA,NA
60,Bungoma,3,Zone 3: Critically underserved,3572.203369140625,1897161.625,0.18829198957366772,3272.0390625,300.1642150878906,91.59722234087594,8.402775096203495,213.3168182373047
60,Busia,1,Zone 1: Well-served,1001584.3125,1017364.375,98.44892716043846,NA,NA,NA,NA,NA
60,Busia,2,Zone 2: Motorised-dependent,15693.8720703125,1017364.375,1.5426009064168873,NA,NA,NA,NA,NA
60,Busia,3,Zone 3: Critically underserved,86.169403076171875,1017364.375,0.008469866371738433,86.08168029785156,0.08772772550582886,99.89819730067903,0.10180844055317345,84.48765563964844
60,Elgeyo Marakwet,1,Zone 1: Well-served,480070.5625,503509.4375,95.3448985750143,NA,NA,NA,NA,NA
60,Elgeyo Marakwet,2,Zone 2: Motorised-dependent,20469.05078125,503509.4375,4.065276488735129,NA,NA,NA,NA,NA
60,Elgeyo Marakwet,3,Zone 3: Critically underserved,2969.837158203125,503509.4375,0.5898275061037213,2699.42724609375,270.409912109375,90.89478992602463,9.105210073975377,95.351318359375
60,Embu,1,Zone 1: Well-served,669889.875,690965,96.94989977784692,NA,NA,NA,NA,NA
60,Embu,2,Zone 2: Motorised-dependent,21075.029296875,690965,3.0500863715057926,NA,NA,NA,NA,NA
60,Embu,3,Zone 3: Critically underserved,0.08416061103343964,690965,1.218015543963003e-5,0.08416061103343964,0,100,0,98.404144287109375
60,Garissa,1,Zone 1: Well-served,638755.75,1029470.6875,62.0470070450646,NA,NA,NA,NA,NA
60,Garissa,2,Zone 2: Motorised-dependent,115964.21875,1029470.6875,11.264450766598442,NA,NA,NA,NA,NA
60,Garissa,3,Zone 3: Critically underserved,274750.78125,1029470.6875,26.68854825941802,212271.03125,62479.73828125,77.25948231493882,22.74051341983218,131.393310546875
60,Homa Bay,1,Zone 1: Well-served,1241454.625,1255094.875,98.91320964879249,NA,NA,NA,NA,NA
60,Homa Bay,2,Zone 2: Motorised-dependent,12600.4375,1255094.875,1.0039430286096898,NA,NA,NA,NA,NA
60,Homa Bay,3,Zone 3: Critically underserved,1039.7376708984375,1255094.875,0.08284136057032641,763.94024658203125,170.918701171875,73.47432606937386,16.438636971206797,77.35398864746094
60,Isiolo,1,Zone 1: Well-served,237364.90625,330589.59375,71.8004773100938,NA,NA,NA,NA,NA
60,Isiolo,2,Zone 2: Motorised-dependent,48479.76171875,330589.59375,14.664636345272136,NA,NA,NA,NA,NA
60,Isiolo,3,Zone 3: Critically underserved,44745.015625,330589.59375,13.534913521457447,44745.015625,0,100,0,176.32034301757812
60,Kajiado,1,Zone 1: Well-served,1080196.75,1335775.75,80.86662375776771,NA,NA,NA,NA,NA
60,Kajiado,2,Zone 2: Motorised-dependent,214357.21875,1335775.75,16.047395586422347,NA,NA,NA,NA,NA
60,Kajiado,3,Zone 3: Critically underserved,41222.01953125,1335775.75,3.0859984942270438,41222.01953125,0,100,0,157.06756591796875
60,Kakamega,1,Zone 1: Well-served,2092843.125,2094301.75,99.93035268198578,NA,NA,NA,NA,NA
60,Kakamega,2,Zone 2: Motorised-dependent,1458.726806640625,2094301.75,0.06965217913992694,NA,NA,NA,NA,NA
60,Kakamega,3,Zone 3: Critically underserved,0,2094301.75,0,0,0,NA,NA,NA
60,Kericho,1,Zone 1: Well-served,988289.8125,1014555.4375,97.4111197841764,NA,NA,NA,NA,NA
60,Kericho,2,Zone 2: Motorised-dependent,25851.373046875,1014555.4375,2.5480493318902546,NA,NA,NA,NA,NA
60,Kericho,3,Zone 3: Critically underserved,414.3053283691406,1014555.4375,0.04083614488233824,334.5626220703125,79.742706298828125,80.7526718005957,19.247328199404283,74.6474609375
60,Kiambu,1,Zone 1: Well-served,2828832.75,2832253.5,99.8792216162854,NA,NA,NA,NA,NA
60,Kiambu,2,Zone 2: Motorised-dependent,3420.814208984375,2832253.5,0.12078065077805976,NA,NA,NA,NA,NA
60,Kiambu,3,Zone 3: Critically underserved,0,2832253.5,0,0,0,NA,NA,NA
60,Kilifi,1,Zone 1: Well-served,1537962.25,1655317.375,92.91041544223506,NA,NA,NA,NA,NA
60,Kilifi,2,Zone 2: Motorised-dependent,108060.6875,1655317.375,6.528094801155579,NA,NA,NA,NA,NA
60,Kilifi,3,Zone 3: Critically underserved,9294.3984375,1655317.375,0.5614873967899963,7388.96533203125,1905.4329833984375,79.4991239262896,20.500874760335318,147.39976501464844
60,Kirinyaga,1,Zone 1: Well-served,689409.4375,689443.375,99.99507755078508,NA,NA,NA,NA,NA
60,Kirinyaga,2,Zone 2: Motorised-dependent,20.350872039794922,689443.375,0.00295178295676493,NA,NA,NA,NA,NA
60,Kirinyaga,3,Zone 3: Critically underserved,13.586974143981934,689443.375,0.0019707164702223636,13.586974143981934,0,100,0,93.91767883300781
60,Kisii,1,Zone 1: Well-served,1422868.5,1422868.5,100,NA,NA,NA,NA,NA
60,Kisii,2,Zone 2: Motorised-dependent,0,1422868.5,0,NA,NA,NA,NA,NA
60,Kisii,3,Zone 3: Critically underserved,0,1422868.5,0,0,0,NA,NA,NA
60,Kisumu,1,Zone 1: Well-served,1328505.5,1329351.25,99.93637874113406,NA,NA,NA,NA,NA
60,Kisumu,2,Zone 2: Motorised-dependent,831.82330322265625,1329351.25,0.06257362779195162,NA,NA,NA,NA,NA
60,Kisumu,3,Zone 3: Critically underserved,13.914522171020508,1329351.25,0.0010467152433204171,0,0,0,0,72.73167419433594
60,Kitui,1,Zone 1: Well-served,978182.375,1276809,76.6114880925808,NA,NA,NA,NA,NA
60,Kitui,2,Zone 2: Motorised-dependent,260074.453125,1276809,20.369096170609698,NA,NA,NA,NA,NA
60,Kitui,3,Zone 3: Critically underserved,38552.1953125,1276809,3.019417572440357,38552.1953125,0,100,0,123.55455017089844
60,Kwale,1,Zone 1: Well-served,935244.5,992389.625,94.2416644067596,NA,NA,NA,NA,NA
60,Kwale,2,Zone 2: Motorised-dependent,52360.4453125,992389.625,5.276198379492329,NA,NA,NA,NA,NA
60,Kwale,3,Zone 3: Critically underserved,4783.060546875,992389.625,0.48197405800922194,4781.0859375,1.9747620820999146,99.95871661343926,0.041286579225724415,129.257568359375
60,Laikipia,1,Zone 1: Well-served,509120.875,601167.6875,84.68866267866402,NA,NA,NA,NA,NA
60,Laikipia,2,Zone 2: Motorised-dependent,86525.0078125,601167.6875,14.392824100763066,NA,NA,NA,NA,NA
60,Laikipia,3,Zone 3: Critically underserved,5521.798828125,601167.6875,0.9185122459072619,5521.798828125,0,100,0,122.93641662597656
60,Lamu,1,Zone 1: Well-served,124740.8828125,155913.28125,80.00657917812887,NA,NA,NA,NA,NA
60,Lamu,2,Zone 2: Motorised-dependent,24071.634765625,155913.28125,15.439117548316622,NA,NA,NA,NA,NA
60,Lamu,3,Zone 3: Critically underserved,7100.81884765625,155913.28125,4.554338662317294,7100.81884765625,0,100,0,128.4358673095703
60,Machakos,1,Zone 1: Well-served,1461911.5,1647791.25,88.7194600651023,NA,NA,NA,NA,NA
60,Machakos,2,Zone 2: Motorised-dependent,185879.703125,1647791.25,11.280537090180568,NA,NA,NA,NA,NA
60,Machakos,3,Zone 3: Critically underserved,0,1647791.25,0,0,0,NA,NA,NA
60,Makueni,1,Zone 1: Well-served,1025169.5625,1121516.625,91.40921673809338,NA,NA,NA,NA,NA
60,Makueni,2,Zone 2: Motorised-dependent,96209.9375,1121516.625,8.578556514933517,NA,NA,NA,NA,NA
60,Makueni,3,Zone 3: Critically underserved,137.1206817626953,1121516.625,0.01222636193758566,137.1206817626953,0,100,0,109.0221176147461
60,Mandera,1,Zone 1: Well-served,767476.25,991464.25,77.40836343821776,NA,NA,NA,NA,NA
60,Mandera,2,Zone 2: Motorised-dependent,105640.15625,991464.25,10.654963731672625,NA,NA,NA,NA,NA
60,Mandera,3,Zone 3: Critically underserved,118348.6171875,991464.25,11.936750839730227,105716.0625,12632.55859375,89.32598032177577,10.67402297885425,155.01927185058594
60,Marsabit,1,Zone 1: Well-served,327084.21875,524540.5625,62.356325160268234,NA,NA,NA,NA,NA
60,Marsabit,2,Zone 2: Motorised-dependent,74035.6953125,524540.5625,14.114388973016744,NA,NA,NA,NA,NA
60,Marsabit,3,Zone 3: Critically underserved,123420.640625,524540.5625,23.529284377316387,120482.390625,2840.656494140625,97.61932041097765,2.301605695575383,340.8160095214844
60,Meru,1,Zone 1: Well-served,1714829.75,1751897.75,97.8841230888047,NA,NA,NA,NA,NA
60,Meru,2,Zone 2: Motorised-dependent,32813.67578125,1751897.75,1.873036013731395,NA,NA,NA,NA,NA
60,Meru,3,Zone 3: Critically underserved,4254.35986328125,1751897.75,0.24284293208786017,4254.35986328125,0,100,0,87.81048583984375
60,Migori,1,Zone 1: Well-served,1280409.375,1287425.875,99.45499774889952,NA,NA,NA,NA,NA
60,Migori,2,Zone 2: Motorised-dependent,6911.95556640625,1287425.875,0.5368818275775489,NA,NA,NA,NA,NA
60,Migori,3,Zone 3: Critically underserved,104.3968276977539,1287425.875,0.008108958327232152,17.675567626953125,0,16.931134802416427,0,157.5812530517578
60,Mombasa,1,Zone 1: Well-served,1373670.75,1373767,99.9929937172752,NA,NA,NA,NA,NA
60,Mombasa,2,Zone 2: Motorised-dependent,20.461755752563477,1373767,0.0014894633334883917,NA,NA,NA,NA,NA
60,Mombasa,3,Zone 3: Critically underserved,75.76628112792969,1373767,0.005515220639885052,0.0076354919001460075,75.7586441040039,0.010077691271732934,99.98992028668678,Inf
60,Muranga,1,Zone 1: Well-served,1177006.75,1182163.75,99.56376601803261,NA,NA,NA,NA,NA
60,Muranga,2,Zone 2: Motorised-dependent,5156.99755859375,1182163.75,0.4362337754472466,NA,NA,NA,NA,NA
60,Muranga,3,Zone 3: Critically underserved,0,1182163.75,0,0,0,NA,NA,NA
60,Nairobi,1,Zone 1: Well-served,5196624,5208782.5,99.76657693040552,NA,NA,NA,NA,NA
60,Nairobi,2,Zone 2: Motorised-dependent,12158.8193359375,5208782.5,0.23342920031576478,NA,NA,NA,NA,NA
60,Nairobi,3,Zone 3: Critically underserved,0,5208782.5,0,0,0,NA,NA,NA
60,Nandi,1,Zone 1: Well-served,1005210.875,1008101.875,99.71322342793975,NA,NA,NA,NA,NA
60,Nandi,2,Zone 2: Motorised-dependent,2850.7919921875,1008101.875,0.28278808549855144,NA,NA,NA,NA,NA
60,Nandi,3,Zone 3: Critically underserved,40.187442779541016,1008101.875,0.003986446586019991,37.23302459716797,2.954416513442993,92.64840463081889,7.35159121631659,91.38932800292969
60,Narok,1,Zone 1: Well-served,877874.125,1356210.375,64.72993727097833,NA,NA,NA,NA,NA
60,Narok,2,Zone 2: Motorised-dependent,451923.09375,1356210.375,33.32249200276174,NA,NA,NA,NA,NA
60,Narok,3,Zone 3: Critically underserved,26413.31640625,1356210.375,1.9475825353607104,26413.31640625,0,100,0,125.06182861328125
60,Nyamira,1,Zone 1: Well-served,660984.4375,660984.4375,100,NA,NA,NA,NA,NA
60,Nyamira,2,Zone 2: Motorised-dependent,0,660984.4375,0,NA,NA,NA,NA,NA
60,Nyamira,3,Zone 3: Critically underserved,0,660984.4375,0,0,0,NA,NA,NA
60,Nyandarua,1,Zone 1: Well-served,695787.875,711283.125,97.82150743418804,NA,NA,NA,NA,NA
60,Nyandarua,2,Zone 2: Motorised-dependent,15413.4072265625,711283.125,2.1669862091220704,NA,NA,NA,NA,NA
60,Nyandarua,3,Zone 3: Critically underserved,81.848785400390625,711283.125,0.011507201917716047,81.848785400390625,0,100,0,64.04088592529297
60,Nyeri,1,Zone 1: Well-served,843163.5,848049.8125,99.4238177489132,NA,NA,NA,NA,NA
60,Nyeri,2,Zone 2: Motorised-dependent,4847.228515625,848049.8125,0.5715735613849924,NA,NA,NA,NA,NA
60,Nyeri,3,Zone 3: Critically underserved,39.11662673950195,848049.8125,0.004612538811156444,39.11662673950195,0,100,0,208.55596923828125
60,Samburu,1,Zone 1: Well-served,247896.796875,365399.5,67.84267544837911,NA,NA,NA,NA,NA
60,Samburu,2,Zone 2: Motorised-dependent,62460.078125,365399.5,17.09364083010513,NA,NA,NA,NA,NA
60,Samburu,3,Zone 3: Critically underserved,55042.6171875,365399.5,15.063681583444968,55042.6171875,0,100,0,201.67149353027344
60,Siaya,1,Zone 1: Well-served,1125611.125,1141324,98.62327656300927,NA,NA,NA,NA,NA
60,Siaya,2,Zone 2: Motorised-dependent,15712.9169921875,1141324,1.376727116242846,NA,NA,NA,NA,NA
60,Siaya,3,Zone 3: Critically underserved,0,1141324,0,0,0,NA,NA,NA
60,Taita Taveta,1,Zone 1: Well-served,372252.46875,395781.40625,94.05506748714272,NA,NA,NA,NA,NA
60,Taita Taveta,2,Zone 2: Motorised-dependent,22190.73046875,395781.40625,5.606814801889143,NA,NA,NA,NA,NA
60,Taita Taveta,3,Zone 3: Critically underserved,1338.198974609375,395781.40625,0.33811567533925174,1239.717529296875,98.48139953613281,92.64074721464742,7.35924936460812,91.26250457763672
60,Tana River,1,Zone 1: Well-served,267379.1875,427179.0625,62.59182880715274,NA,NA,NA,NA,NA
60,Tana River,2,Zone 2: Motorised-dependent,122696.7109375,427179.0625,28.722547921575625,NA,NA,NA,NA,NA
60,Tana River,3,Zone 3: Critically underserved,37103.1171875,427179.0625,8.68561229812147,37103.1171875,0,100,0,180.9013214111328
60,Tharaka Nithi,1,Zone 1: Well-served,409002.1875,428728.6875,95.39883833875707,NA,NA,NA,NA,NA
60,Tharaka Nithi,2,Zone 2: Motorised-dependent,18467.43359375,428728.6875,4.3074872599352245,NA,NA,NA,NA,NA
60,Tharaka Nithi,3,Zone 3: Critically underserved,1259.04931640625,428728.6875,0.2936704151401695,1259.04931640625,0,100,0,111.9580307006836
60,Trans Nzoia,1,Zone 1: Well-served,1110607.25,1126125.375,98.62198958086705,NA,NA,NA,NA,NA
60,Trans Nzoia,2,Zone 2: Motorised-dependent,13782.98828125,1126125.375,1.2239301757364272,NA,NA,NA,NA,NA
60,Trans Nzoia,3,Zone 3: Critically underserved,1735.1177978515625,1126125.375,0.15407856321962043,1735.1177978515625,0,100,0,114.34624481201172
60,Turkana,1,Zone 1: Well-served,648526.5,1054859.625,61.47988648252605,NA,NA,NA,NA,NA
60,Turkana,2,Zone 2: Motorised-dependent,190798.03125,1054859.625,18.087528115411562,NA,NA,NA,NA,NA
60,Turkana,3,Zone 3: Critically underserved,215535.03125,1054859.625,20.43257947710341,198176.71875,17243.181640625,91.94640778376949,8.000175906729778,227.4003143310547
60,Uasin Gishu,1,Zone 1: Well-served,1324132.875,1337287.375,99.0163296052952,NA,NA,NA,NA,NA
60,Uasin Gishu,2,Zone 2: Motorised-dependent,13130.072265625,1337287.375,0.9818437316530413,NA,NA,NA,NA,NA
60,Uasin Gishu,3,Zone 3: Critically underserved,24.43058967590332,1337287.375,0.0018268765661459505,24.43058967590332,0,100,0,88.88048553466797
60,Vihiga,1,Zone 1: Well-served,647632.875,647632.875,100,NA,NA,NA,NA,NA
60,Vihiga,2,Zone 2: Motorised-dependent,0,647632.875,0,NA,NA,NA,NA,NA
60,Vihiga,3,Zone 3: Critically underserved,0,647632.875,0,0,0,NA,NA,NA
60,Wajir,1,Zone 1: Well-served,466214.28125,887678.125,52.52064550424739,NA,NA,NA,NA,NA
60,Wajir,2,Zone 2: Motorised-dependent,213405.15625,887678.125,24.040826313028724,NA,NA,NA,NA,NA
60,Wajir,3,Zone 3: Critically underserved,208058.71875,887678.125,23.438531703144086,196067.578125,11991.1513671875,94.23665554750995,5.7633496155457316,177.30101013183594
60,West Pokot,1,Zone 1: Well-served,514409.53125,708821.4375,72.57251319377596,NA,NA,NA,NA,NA
60,West Pokot,2,Zone 2: Motorised-dependent,113556.28125,708821.4375,16.020435506368276,NA,NA,NA,NA,NA
60,West Pokot,3,Zone 3: Critically underserved,80855.5,708821.4375,11.407033664948939,74508.3984375,6329.33544921875,92.15006825447867,7.827959074173989,174.60888671875
60,Nakuru,1,Zone 1: Well-served,2434034.25,2512027.5,96.89520715836113,NA,NA,NA,NA,NA
60,Nakuru,2,Zone 2: Motorised-dependent,77091.140625,2512027.5,3.068881237367027,NA,NA,NA,NA,NA
60,Nakuru,3,Zone 3: Critically underserved,901.90576171875,2512027.5,0.03590349873632952,901.90576171875,0,100,0,121.59147644042969
120,Baringo,1,Zone 1: Well-served,735316.375,747833.25,98.32624786341073,NA,NA,NA,NA,NA
120,Baringo,2,Zone 2: Motorised-dependent,8181.1650390625,747833.25,1.0939825207106664,NA,NA,NA,NA,NA
120,Baringo,3,Zone 3: Critically underserved,4335.66552734375,747833.25,0.5797636742340287,4335.66552734375,0,100,0,270.87030029296875
120,Bomet,1,Zone 1: Well-served,998129.0625,998162.6875,99.99663131066498,NA,NA,NA,NA,NA
120,Bomet,2,Zone 2: Motorised-dependent,30.471040725708008,998162.6875,0.0030527128600675133,NA,NA,NA,NA,NA
120,Bomet,3,Zone 3: Critically underserved,3.161736249923706,998162.6875,3.1675560402308724e-4,3.161736249923706,0,100,0,145.94314575195312
120,Bungoma,1,Zone 1: Well-served,1894239.125,1897161.625,99.84595408417034,NA,NA,NA,NA,NA
120,Bungoma,2,Zone 2: Motorised-dependent,157.48512268066406,1897161.625,0.00830109151510294,NA,NA,NA,NA,NA
120,Bungoma,3,Zone 3: Critically underserved,2765.02197265625,1897161.625,0.1457451983120442,2765.02197265625,0,100,0,240.06451416015625
120,Busia,1,Zone 1: Well-served,1016025.6875,1017364.375,99.86841612180494,NA,NA,NA,NA,NA
120,Busia,2,Zone 2: Motorised-dependent,1338.6224365234375,1017364.375,0.13157748289775112,NA,NA,NA,NA,NA
120,Busia,3,Zone 3: Critically underserved,0.08772772550582886,1017364.375,8.623038870004551e-6,0,0.08772772550582886,0,100,Inf
120,Elgeyo Marakwet,1,Zone 1: Well-served,503297.6875,503509.4375,99.95794517754199,NA,NA,NA,NA,NA
120,Elgeyo Marakwet,2,Zone 2: Motorised-dependent,173.3144989013672,503509.4375,0.03442130097141768,NA,NA,NA,NA,NA
120,Elgeyo Marakwet,3,Zone 3: Critically underserved,38.446224212646484,503509.4375,0.007635651161483241,38.446224212646484,0,100,0,173.08265686035156
120,Embu,1,Zone 1: Well-served,690963.0625,690965,99.99971959505909,NA,NA,NA,NA,NA
120,Embu,2,Zone 2: Motorised-dependent,1.9738155603408813,690965,2.856607151362054e-4,NA,NA,NA,NA,NA
120,Embu,3,Zone 3: Critically underserved,0,690965,0,0,0,NA,NA,NA
120,Garissa,1,Zone 1: Well-served,693968.375,1029470.6875,67.41021220188944,NA,NA,NA,NA,NA
120,Garissa,2,Zone 2: Motorised-dependent,225915.34375,1029470.6875,21.944805859273192,NA,NA,NA,NA,NA
120,Garissa,3,Zone 3: Critically underserved,109587.046875,1029470.6875,10.644989527688713,101826.2734375,7760.77294921875,92.91816536825534,7.081834186179907,192.5463409423828
120,Homa Bay,1,Zone 1: Well-served,1254744.25,1255094.875,99.97206386489307,NA,NA,NA,NA,NA
120,Homa Bay,2,Zone 2: Motorised-dependent,337.7879333496094,1255094.875,0.026913338591204858,NA,NA,NA,NA,NA
120,Homa Bay,3,Zone 3: Critically underserved,12.75797176361084,1255094.875,0.0010164946107050943,12.75797176361084,0,100,0,111.33833312988281
120,Isiolo,1,Zone 1: Well-served,251502.28125,330589.59375,76.07688989756653,NA,NA,NA,NA,NA
120,Isiolo,2,Zone 2: Motorised-dependent,58135.62109375,330589.59375,17.58543589781401,NA,NA,NA,NA,NA
120,Isiolo,3,Zone 3: Critically underserved,20951.78515625,330589.59375,6.33770256304385,20951.78515625,0,100,0,322.75927734375
120,Kajiado,1,Zone 1: Well-served,1284216.75,1335775.75,96.14014552966694,NA,NA,NA,NA,NA
120,Kajiado,2,Zone 2: Motorised-dependent,40549.81640625,1335775.75,3.0356754422476975,NA,NA,NA,NA,NA
120,Kajiado,3,Zone 3: Critically underserved,11009.3740234375,1335775.75,0.8241932841974036,11009.3740234375,0,100,0,229.58438110351562
120,Kakamega,1,Zone 1: Well-served,2094301.875,2094301.75,100.00000596857642,NA,NA,NA,NA,NA
120,Kakamega,2,Zone 2: Motorised-dependent,0,2094301.75,0,NA,NA,NA,NA,NA
120,Kakamega,3,Zone 3: Critically underserved,0,2094301.75,0,0,0,NA,NA,NA
120,Kericho,1,Zone 1: Well-served,1014490.5625,1014555.4375,99.99360557367275,NA,NA,NA,NA,NA
120,Kericho,2,Zone 2: Motorised-dependent,64.938751220703125,1014555.4375,0.006400709987886012,NA,NA,NA,NA,NA
120,Kericho,3,Zone 3: Critically underserved,0,1014555.4375,0,0,0,NA,NA,NA
120,Kiambu,1,Zone 1: Well-served,2832245.75,2832253.5,99.9997263663016,NA,NA,NA,NA,NA
120,Kiambu,2,Zone 2: Motorised-dependent,7.961217880249023,2832253.5,2.8109128933017556e-4,NA,NA,NA,NA,NA
120,Kiambu,3,Zone 3: Critically underserved,0,2832253.5,0,0,0,NA,NA,NA
120,Kilifi,1,Zone 1: Well-served,1646190.875,1655317.375,99.44865557881309,NA,NA,NA,NA,NA
120,Kilifi,2,Zone 2: Motorised-dependent,4904.888671875,1655317.375,0.2963110727859665,NA,NA,NA,NA,NA
120,Kilifi,3,Zone 3: Critically underserved,4221.68603515625,1655317.375,0.25503786155547664,2316.2529296875,1905.4329833984375,54.8655894919427,45.13440761655112,218.3932647705078
120,Kirinyaga,1,Zone 1: Well-served,689423.375,689443.375,99.99709910911828,NA,NA,NA,NA,NA
120,Kirinyaga,2,Zone 2: Motorised-dependent,20.027997970581055,689443.375,0.002904951834598607,NA,NA,NA,NA,NA
120,Kirinyaga,3,Zone 3: Critically underserved,0,689443.375,0,0,0,NA,NA,NA
120,Kisii,1,Zone 1: Well-served,1422868.5,1422868.5,100,NA,NA,NA,NA,NA
120,Kisii,2,Zone 2: Motorised-dependent,0,1422868.5,0,NA,NA,NA,NA,NA
120,Kisii,3,Zone 3: Critically underserved,0,1422868.5,0,0,0,NA,NA,NA
120,Kisumu,1,Zone 1: Well-served,1329262.125,1329351.25,99.99329560189604,NA,NA,NA,NA,NA
120,Kisumu,2,Zone 2: Motorised-dependent,89.10517883300781,1329351.25,0.006702907063351978,NA,NA,NA,NA,NA
120,Kisumu,3,Zone 3: Critically underserved,0,1329351.25,0,0,0,NA,NA,NA
120,Kitui,1,Zone 1: Well-served,1236972.375,1276809,96.87998557340997,NA,NA,NA,NA,NA
120,Kitui,2,Zone 2: Motorised-dependent,36514.4453125,1276809,2.8598204831341256,NA,NA,NA,NA,NA
120,Kitui,3,Zone 3: Critically underserved,3322.299072265625,1276809,0.26020329370059464,3322.299072265625,0,100,0,203.1904296875
120,Kwale,1,Zone 1: Well-served,988777.875,992389.625,99.636055243927,NA,NA,NA,NA,NA
120,Kwale,2,Zone 2: Motorised-dependent,2648.48681640625,992389.625,0.26687973651540847,NA,NA,NA,NA,NA
120,Kwale,3,Zone 3: Critically underserved,961.62457275390625,992389.625,0.0968999018660545,959.6497802734375,1.9747620820999146,99.79463997318483,0.20535686566791642,189.3711395263672
120,Laikipia,1,Zone 1: Well-served,585271.0625,601167.6875,97.35570867654127,NA,NA,NA,NA,NA
120,Laikipia,2,Zone 2: Motorised-dependent,15072.5859375,601167.6875,2.5072182439113546,NA,NA,NA,NA,NA
120,Laikipia,3,Zone 3: Critically underserved,824.0579833984375,601167.6875,0.13707622690523225,824.0579833984375,0,100,0,193.5827178955078
120,Lamu,1,Zone 1: Well-served,148190.359375,155913.28125,95.04665554269451,NA,NA,NA,NA,NA
120,Lamu,2,Zone 2: Motorised-dependent,5240.01025390625,155913.28125,3.3608491925098587,NA,NA,NA,NA,NA
120,Lamu,3,Zone 3: Critically underserved,2482.954833984375,155913.28125,1.592522980773567,2482.954833984375,0,100,0,233.03457641601562
120,Machakos,1,Zone 1: Well-served,1635229.375,1647791.25,99.23765373799624,NA,NA,NA,NA,NA
120,Machakos,2,Zone 2: Motorised-dependent,12561.853515625,1647791.25,0.7623449581750722,NA,NA,NA,NA,NA
120,Machakos,3,Zone 3: Critically underserved,0,1647791.25,0,0,0,NA,NA,NA
120,Makueni,1,Zone 1: Well-served,1121194.75,1121516.625,99.97130002419713,NA,NA,NA,NA,NA
120,Makueni,2,Zone 2: Motorised-dependent,321.92095947265625,1121516.625,0.02870407377801076,NA,NA,NA,NA,NA
120,Makueni,3,Zone 3: Critically underserved,0,1121516.625,0,0,0,NA,NA,NA
120,Mandera,1,Zone 1: Well-served,836875.5,991464.25,84.40803589236829,NA,NA,NA,NA,NA
120,Mandera,2,Zone 2: Motorised-dependent,113569.5,991464.25,11.454724666068392,NA,NA,NA,NA,NA
120,Mandera,3,Zone 3: Critically underserved,41019.171875,991464.25,4.137231561803666,41017.73828125,1.4319429397583008,99.9965050641335,0.0034909113819312104,200.6398162841797
120,Marsabit,1,Zone 1: Well-served,371345.3125,524540.5625,70.7943939988435,NA,NA,NA,NA,NA
120,Marsabit,2,Zone 2: Motorised-dependent,80039.6171875,524540.5625,15.258994806049914,NA,NA,NA,NA,NA
120,Marsabit,3,Zone 3: Critically underserved,73155.625,524540.5625,13.946609705707935,73080.6015625,0,99.89744679578638,0,406.9626770019531
120,Meru,1,Zone 1: Well-served,1749563.75,1751897.75,99.86677304654339,NA,NA,NA,NA,NA
120,Meru,2,Zone 2: Motorised-dependent,2052.818115234375,1751897.75,0.11717682240498196,NA,NA,NA,NA,NA
120,Meru,3,Zone 3: Critically underserved,281.2109375,1751897.75,0.016051789409513198,281.2109375,0,100,0,147.91102600097656
120,Migori,1,Zone 1: Well-served,1287338.625,1287425.875,99.99322291079477,NA,NA,NA,NA,NA
120,Migori,2,Zone 2: Motorised-dependent,0.44522711634635925,1287425.875,3.458273792627939e-5,NA,NA,NA,NA,NA
120,Migori,3,Zone 3: Critically underserved,86.72126007080078,1287425.875,0.006736019661776705,0,0,0,0,157.5812530517578
120,Mombasa,1,Zone 1: Well-served,1373691.25,1373767,99.9944859645049,NA,NA,NA,NA,NA
120,Mombasa,2,Zone 2: Motorised-dependent,0,1373767,0,NA,NA,NA,NA,NA
120,Mombasa,3,Zone 3: Critically underserved,75.76628112792969,1373767,0.005515220639885052,0.0076354919001460075,75.7586441040039,0.010077691271732934,99.98992028668678,Inf
120,Muranga,1,Zone 1: Well-served,1182120.125,1182163.75,99.99630973289445,NA,NA,NA,NA,NA
120,Muranga,2,Zone 2: Motorised-dependent,43.664459228515625,1182163.75,0.003693604987339159,NA,NA,NA,NA,NA
120,Muranga,3,Zone 3: Critically underserved,0,1182163.75,0,0,0,NA,NA,NA
120,Nairobi,1,Zone 1: Well-served,5208771.5,5208782.5,99.99978881821232,NA,NA,NA,NA,NA
120,Nairobi,2,Zone 2: Motorised-dependent,11.177353858947754,5208782.5,2.1458668813581207e-4,NA,NA,NA,NA,NA
120,Nairobi,3,Zone 3: Critically underserved,0,5208782.5,0,0,0,NA,NA,NA
120,Nandi,1,Zone 1: Well-served,1008068.1875,1008101.875,99.99665832384251,NA,NA,NA,NA,NA
120,Nandi,2,Zone 2: Motorised-dependent,30.531518936157227,1008101.875,0.003028614438015724,NA,NA,NA,NA,NA
120,Nandi,3,Zone 3: Critically underserved,3.118678569793701,1008101.875,3.0936144918822825e-4,3.118678569793701,0,100,0,115.8211669921875
120,Narok,1,Zone 1: Well-served,1217863.875,1356210.375,89.79903836821777,NA,NA,NA,NA,NA
120,Narok,2,Zone 2: Motorised-dependent,137340.859375,1356210.375,10.126810847837673,NA,NA,NA,NA,NA
120,Narok,3,Zone 3: Critically underserved,1005.8484497070312,1356210.375,0.07416610787297886,1005.8484497070312,0,100,0,189.28631591796875
120,Nyamira,1,Zone 1: Well-served,660984.4375,660984.4375,100,NA,NA,NA,NA,NA
120,Nyamira,2,Zone 2: Motorised-dependent,0,660984.4375,0,NA,NA,NA,NA,NA
120,Nyamira,3,Zone 3: Critically underserved,0,660984.4375,0,0,0,NA,NA,NA
120,Nyandarua,1,Zone 1: Well-served,711276.5,711283.125,99.99906858467928,NA,NA,NA,NA,NA
120,Nyandarua,2,Zone 2: Motorised-dependent,0,711283.125,0,NA,NA,NA,NA,NA
120,Nyandarua,3,Zone 3: Critically underserved,6.649552822113037,711283.125,9.348672263401492e-4,6.649552822113037,0,100,0,162.4556427001953
120,Nyeri,1,Zone 1: Well-served,847875.8125,848049.8125,99.97948233730669,NA,NA,NA,NA,NA
120,Nyeri,2,Zone 2: Motorised-dependent,141.28956604003906,848049.8125,0.01666052677065347,NA,NA,NA,NA,NA
120,Nyeri,3,Zone 3: Critically underserved,32.774681091308594,848049.8125,0.0038647117903004772,32.774681091308594,0,100,0,244.20245361328125
120,Samburu,1,Zone 1: Well-served,301511.09375,365399.5,82.51546423845681,NA,NA,NA,NA,NA
120,Samburu,2,Zone 2: Motorised-dependent,41626.453125,365399.5,11.392038884837007,NA,NA,NA,NA,NA
120,Samburu,3,Zone 3: Critically underserved,22261.935546875,365399.5,6.092492066046888,22261.935546875,0,100,0,241.75230407714844
120,Siaya,1,Zone 1: Well-served,1136048.125,1141324,99.53774081680574,NA,NA,NA,NA,NA
120,Siaya,2,Zone 2: Motorised-dependent,5275.927734375,1141324,0.4622638036504095,NA,NA,NA,NA,NA
120,Siaya,3,Zone 3: Critically underserved,0,1141324,0,0,0,NA,NA,NA
120,Taita Taveta,1,Zone 1: Well-served,389342.4375,395781.40625,98.37309973426778,NA,NA,NA,NA,NA
120,Taita Taveta,2,Zone 2: Motorised-dependent,6114.48388671875,395781.40625,1.5449143871242057,NA,NA,NA,NA,NA
120,Taita Taveta,3,Zone 3: Critically underserved,324.4749450683594,395781.40625,0.08198337262549443,225.99356079101562,98.48139953613281,69.6490019417074,30.35100276090194,170.2106475830078
120,Tana River,1,Zone 1: Well-served,354239.15625,427179.0625,82.92521505545464,NA,NA,NA,NA,NA
120,Tana River,2,Zone 2: Motorised-dependent,56703.40234375,427179.0625,13.273918906957197,NA,NA,NA,NA,NA
120,Tana River,3,Zone 3: Critically underserved,16236.470703125,427179.0625,3.8008582649401266,16236.470703125,0,100,0,285.8117370605469
120,Tharaka Nithi,1,Zone 1: Well-served,428223.34375,428728.6875,99.8821297093631,NA,NA,NA,NA,NA
120,Tharaka Nithi,2,Zone 2: Motorised-dependent,505.3076171875,428728.6875,0.11786186273982423,NA,NA,NA,NA,NA
120,Tharaka Nithi,3,Zone 3: Critically underserved,0,428728.6875,0,0,0,NA,NA,NA
120,Trans Nzoia,1,Zone 1: Well-served,1124024.125,1126125.375,99.81340887554371,NA,NA,NA,NA,NA
120,Trans Nzoia,2,Zone 2: Motorised-dependent,1497.4708251953125,1126125.375,0.1329754979720009,NA,NA,NA,NA,NA
120,Trans Nzoia,3,Zone 3: Critically underserved,603.7601318359375,1126125.375,0.05361393546752621,603.7601318359375,0,100,0,157.3001708984375
120,Turkana,1,Zone 1: Well-served,820457.625,1054859.625,77.77884427039285,NA,NA,NA,NA,NA
120,Turkana,2,Zone 2: Motorised-dependent,104684.2734375,1054859.625,9.924000403134208,NA,NA,NA,NA,NA
120,Turkana,3,Zone 3: Critically underserved,129717.7734375,1054859.625,12.297159770192172,118023.25,11671.9560546875,90.98464063358705,8.997962072106661,291.1086730957031
120,Uasin Gishu,1,Zone 1: Well-served,1337265.625,1337287.375,99.99837357321944,NA,NA,NA,NA,NA
120,Uasin Gishu,2,Zone 2: Motorised-dependent,17.17507553100586,1337287.375,0.0012843219678945865,NA,NA,NA,NA,NA
120,Uasin Gishu,3,Zone 3: Critically underserved,4.533250331878662,1337287.375,3.3898849391879305e-4,4.533250331878662,0,100,0,119.10234832763672
120,Vihiga,1,Zone 1: Well-served,647632.875,647632.875,100,NA,NA,NA,NA,NA
120,Vihiga,2,Zone 2: Motorised-dependent,0,647632.875,0,NA,NA,NA,NA,NA
120,Vihiga,3,Zone 3: Critically underserved,0,647632.875,0,0,0,NA,NA,NA
120,Wajir,1,Zone 1: Well-served,573885,887678.125,64.6501230386859,NA,NA,NA,NA,NA
120,Wajir,2,Zone 2: Motorised-dependent,244477.828125,887678.125,27.54126988597359,NA,NA,NA,NA,NA
120,Wajir,3,Zone 3: Critically underserved,69315.3359375,887678.125,7.808611475865759,69315.3359375,0,100,0,259.4216003417969
120,West Pokot,1,Zone 1: Well-served,655594.5625,708821.4375,92.490792153842,NA,NA,NA,NA,NA
120,West Pokot,2,Zone 2: Motorised-dependent,27975.849609375,708821.4375,3.9468120078373055,NA,NA,NA,NA,NA
120,West Pokot,3,Zone 3: Critically underserved,25251.056640625,708821.4375,3.56240024704741,22727.685546875,2523.370849609375,90.00686929793548,9.993129735211422,253.5497283935547
120,Nakuru,1,Zone 1: Well-served,2508263,2512027.5,99.85014097178474,NA,NA,NA,NA,NA
120,Nakuru,2,Zone 2: Motorised-dependent,3730.038330078125,2512027.5,0.14848716146929622,NA,NA,NA,NA,NA
120,Nakuru,3,Zone 3: Critically underserved,34.29264831542969,2512027.5,0.0013651382524844846,34.29264831542969,0,100,0,147.1495819091797
